{
    "best_cnn_selected": "MobileNetV2",
    "best_transformer_selected": "ViT-Base",
    "device_used": "cuda",
    "amp_enabled": true,
    "fusion_approaches_comparison": {
        "Concatenation Fusion": {
            "accuracy": 0.9883720930232558,
            "balanced_accuracy": 0.9881644518272426,
            "precision_macro": 0.9885318170201891,
            "precision_weighted": 0.9886068501536321,
            "recall_macro": 0.9881644518272426,
            "recall_weighted": 0.9883720930232558,
            "f1_macro": 0.9882623950923456,
            "f1_weighted": 0.9884049990503623,
            "kappa": 0.984491231233939,
            "mcc": 0.9845467199747866,
            "auc_macro": 0.9994097610263564,
            "auc_weighted": 0.9994161737422087
        },
        "Attention Fusion": {
            "accuracy": 0.9941860465116279,
            "balanced_accuracy": 0.9941168327796235,
            "precision_macro": 0.9941860465116279,
            "precision_weighted": 0.9943212547322877,
            "recall_macro": 0.9941168327796235,
            "recall_weighted": 0.9941860465116279,
            "f1_macro": 0.9940998292372942,
            "f1_weighted": 0.9942030427828432,
            "kappa": 0.9922461399752057,
            "mcc": 0.9922796894473132,
            "auc_macro": 0.9998749819227104,
            "auc_weighted": 0.9998765791626798
        },
        "Weighted Fusion": {
            "accuracy": 0.9825581395348837,
            "balanced_accuracy": 0.9824104835732743,
            "precision_macro": 0.9828775875287503,
            "precision_weighted": 0.9828924455749767,
            "recall_macro": 0.9824104835732743,
            "recall_weighted": 0.9825581395348837,
            "f1_macro": 0.9825587876825308,
            "f1_weighted": 0.9826413059333879,
            "kappa": 0.9767368468509084,
            "mcc": 0.9767918985324794,
            "auc_macro": 0.9991190170099126,
            "auc_weighted": 0.9991219641482286
        },
        "Ensemble Fusion": {
            "accuracy": 0.9854651162790697,
            "balanced_accuracy": 0.9853866740494648,
            "precision_macro": 0.985727969348659,
            "precision_weighted": 0.9858660785886126,
            "recall_macro": 0.9853866740494648,
            "recall_weighted": 0.9854651162790697,
            "f1_macro": 0.9854382442048897,
            "f1_weighted": 0.9855490915108823,
            "kappa": 0.9806153499380142,
            "mcc": 0.9806927193418592,
            "auc_macro": 0.9991707430944909,
            "auc_weighted": 0.9991722522976115
        },
        "XAI-Guided Fusion (NOVEL)": {
            "accuracy": 0.9738372093023255,
            "balanced_accuracy": 0.9734819121447029,
            "precision_macro": 0.9744920142924792,
            "precision_weighted": 0.9746301235324328,
            "recall_macro": 0.9734819121447029,
            "recall_weighted": 0.9738372093023255,
            "f1_macro": 0.973510164299638,
            "f1_weighted": 0.9737662955839211,
            "kappa": 0.9651044836680869,
            "mcc": 0.9653983418072699,
            "auc_macro": 0.998988068103962,
            "auc_weighted": 0.9989930355482148
        }
    },
    "per_class_metrics": {
        "f1_scores": [
            0.9888888888888889,
            0.9629629629629629,
            0.9707602339181286,
            0.9714285714285714
        ],
        "precision": [
            0.9888888888888889,
            1.0,
            0.9540229885057471,
            0.9550561797752809
        ],
        "recall": [
            0.9888888888888889,
            0.9285714285714286,
            0.9880952380952381,
            0.9883720930232558
        ]
    },
    "classification_report": {
        "bacterial_blight": {
            "precision": 0.9888888888888889,
            "recall": 0.9888888888888889,
            "f1-score": 0.9888888888888889,
            "support": 90.0
        },
        "curl_virus": {
            "precision": 1.0,
            "recall": 0.9285714285714286,
            "f1-score": 0.9629629629629629,
            "support": 84.0
        },
        "fussarium_wilt": {
            "precision": 0.9540229885057471,
            "recall": 0.9880952380952381,
            "f1-score": 0.9707602339181286,
            "support": 84.0
        },
        "healthy": {
            "precision": 0.9550561797752809,
            "recall": 0.9883720930232558,
            "f1-score": 0.9714285714285714,
            "support": 86.0
        },
        "accuracy": 0.9738372093023255,
        "macro avg": {
            "precision": 0.9744920142924792,
            "recall": 0.9734819121447029,
            "f1-score": 0.973510164299638,
            "support": 344.0
        },
        "weighted avg": {
            "precision": 0.9746301235324328,
            "recall": 0.9738372093023255,
            "f1-score": 0.9737662955839211,
            "support": 344.0
        }
    }
}